"","storm_id","STATE_FIPS","EVENT_TYPE","CZ_FIPS","INJURIES_DIRECT","INJURIES_INDIRECT","DEATHS_DIRECT","DEATHS_INDIRECT","DAMAGE_PROPERTY","DAMAGE_CROPS"
"1","Barry",12,"Tornado",87,0,0,0,0,"20.00K","0.00K"
"2","Barry",13,"Strong Wind",141,0,0,0,0,"2.00K","0.00K"
"3","Barry",13,"Strong Wind",139,0,0,0,0,"2.00K","0.00K"
"4","Barry",13,"Strong Wind",117,0,0,0,0,"2.00K","0.00K"
"5","Barry",13,"Strong Wind",119,0,0,0,0,"2.00K","0.00K"
"6","Barry",36,"Flash Flood",69,0,0,0,0,"15.00K","0.00K"
"7","Barry",36,"Flash Flood",69,0,0,0,0,"75.00K","0.00K"
"8","Barry",36,"Thunderstorm Wind",63,0,0,0,0,"10.00K","0.00K"
"9","Barry",36,"Thunderstorm Wind",63,0,0,0,0,"20.00K","0.00K"
"10","Barry",12,"Wildfire",23,0,0,0,0,"0.00K","0.00K"
"11","Barry",12,"Wildfire",22,0,0,0,0,"10.60M","0.00K"
"12","Noel",37,"Strong Wind",15,0,0,0,0,"1.00K","0.00K"
"13","Noel",37,"Strong Wind",102,0,0,0,0,"1.00K","0.00K"
"14","Noel",12,"Tropical Depression",168,0,0,0,0,"0.00K","0.00K"
"15","Noel",12,"Tropical Depression",68,0,0,0,0,"0.00K","0.00K"
"16","Noel",24,"Strong Wind",25,0,0,0,0,"1.00K","0.00K"
"17","Noel",12,"High Surf",25,0,0,0,0,"0.00K","0.00K"
"18","Noel",12,"High Surf",38,0,0,0,0,"0.00K","0.00K"
"19","Noel",12,"High Surf",33,0,0,0,0,"0.00K","0.00K"
"20","Humberto",13,"Hurricane",71,0,0,0,0,"0.00K","0.00K"
"21","Humberto",13,"Hurricane",14,0,0,0,0,"0.00K","0.00K"
"22","Humberto",13,"Hurricane",23,0,0,0,0,"0.00K","0.00K"
"23","Noel",12,"Heavy Rain",35,0,0,0,0,"0.00K","0.00K"
"24","Noel",12,"High Surf",24,0,0,0,0,"0.00K","0.00K"
"25","Humberto",13,"Hurricane",53,0,0,0,0,"0.00K","0.00K"
"26","Humberto",13,"Hurricane",7,0,0,0,0,"0.00K","0.00K"
"27","Humberto",13,"Hurricane",3,0,0,0,0,"0.00K","0.00K"
"28","Noel",12,"Heavy Rain",109,0,0,0,0,"0.00K","0.00K"
"29","Humberto",13,"Hurricane",15,0,0,0,0,"0.00K","0.00K"
"30","Humberto",13,"Hurricane",19,0,0,0,0,"0.00K","0.00K"
"31","Humberto",13,"Hurricane",30,0,0,0,0,"0.00K","0.00K"
"32","Humberto",13,"Hurricane",11,0,0,0,0,"0.00K","0.00K"
"33","Humberto",13,"Hurricane",16,0,0,0,0,"0.00K","0.00K"
"34","Humberto",13,"Hurricane",6,0,0,0,0,"0.00K","0.00K"
"35","Humberto",13,"Hurricane",13,0,0,0,0,"0.00K","0.00K"
"36","Humberto",13,"Hurricane",41,0,0,0,0,"0.00K","0.00K"
"37","Humberto",13,"Hurricane",33,0,0,0,0,"0.00K","0.00K"
"38","Humberto",13,"Hurricane",20,0,0,0,0,"0.00K","0.00K"
"39","Humberto",13,"Hurricane",34,0,0,0,0,"0.00K","0.00K"
"40","Noel",12,"High Surf",25,0,0,0,0,"0.00K","0.00K"
"41","Humberto",13,"Hurricane",45,0,0,0,0,"0.00K","0.00K"
"42","Humberto",13,"Lightning",121,0,0,0,0,"1.00K","0.00K"
"43","Humberto",13,"Hurricane",12,0,0,0,0,"0.00K","0.00K"
"44","Humberto",13,"Hurricane",56,0,0,0,0,"0.00K","0.00K"
"45","Noel",12,"High Surf",33,0,0,0,0,"0.00K","0.00K"
"46","Humberto",13,"Hurricane",67,0,0,0,0,"0.00K","0.00K"
"47","Humberto",13,"Hurricane",22,0,0,0,0,"0.00K","0.00K"
"48","Humberto",13,"Hurricane",46,0,0,0,0,"0.00K","0.00K"
"49","Humberto",13,"Hurricane",4,0,0,0,0,"0.00K","0.00K"
"50","Humberto",13,"Hurricane",54,0,0,0,0,"0.00K","0.00K"
"51","Humberto",13,"Hurricane",68,0,0,0,0,"0.00K","0.00K"
"52","Humberto",13,"Hurricane",44,0,0,0,0,"0.00K","0.00K"
"53","Humberto",13,"Hurricane",70,0,0,0,0,"0.00K","0.00K"
"54","Humberto",13,"Hurricane",31,0,0,0,0,"0.00K","0.00K"
"55","Humberto",13,"Hurricane",42,0,0,0,0,"0.00K","0.00K"
"56","Noel",23,"High Wind",24,0,0,0,0,"0.00K","0.00K"
"57","Humberto",13,"Hurricane",2,0,0,0,0,"0.00K","0.00K"
"58","Humberto",13,"Hurricane",43,0,0,0,0,"0.00K","0.00K"
"59","Barry",12,"Rip Current",168,0,0,1,0,"0.00K","0.00K"
"60","Barry",12,"Rip Current",168,0,0,1,0,"0.00K","0.00K"
"61","Barry",26,"Heavy Snow",39,0,0,0,0,"0.00K","0.00K"
"62","Barry",26,"Heavy Snow",44,0,0,0,0,"0.00K","0.00K"
"63","Barry",26,"Heavy Snow",45,0,0,0,0,"0.00K","0.00K"
"64","Barry",26,"Heavy Snow",40,0,0,0,0,"0.00K","0.00K"
"65","Barry",12,"Tropical Storm",38,0,0,0,0,"",""
"66","Barry",13,"Tropical Storm",163,0,0,0,0,"",""
"67","Barry",13,"Tropical Storm",136,0,0,0,0,"",""
"68","Barry",13,"Tropical Storm",135,0,0,0,0,"",""
"69","Barry",13,"Tropical Storm",164,0,0,0,0,"",""
"70","Barry",26,"Hail",15,0,0,0,0,"0.00K","0.00K"
"71","Humberto",13,"Hurricane",52,0,0,0,0,"0.00K","0.00K"
"72","Noel",99,"Landslide",4,0,0,0,0,"0.00K","0.00K"
"73","Noel",99,"Flood",7,0,0,0,0,"0.00K","0.00K"
"74","Noel",99,"Flood",3,0,0,0,0,"0.00K","0.00K"
"75","Noel",99,"Landslide",4,0,0,0,0,"0.00K","0.00K"
"76","Noel",99,"Landslide",3,0,0,0,0,"0.00K","0.00K"
"77","Noel",99,"Landslide",6,0,0,0,0,"0.00K","0.00K"
"78","Noel",99,"Flood",6,0,0,0,0,"0.00K","0.00K"
"79","Humberto",13,"Hurricane",9,0,0,0,0,"0.00K","0.00K"
"80","Humberto",13,"Hurricane",8,0,0,0,0,"0.00K","0.00K"
"81","Noel",36,"High Wind",81,0,0,0,0,"0.00K","0.00K"
"82","Noel",99,"Landslide",3,0,0,0,0,"0.00K","0.00K"
"83","Noel",99,"Landslide",6,0,0,0,0,"0.00K","0.00K"
"84","Noel",99,"Landslide",7,0,0,0,0,"0.00K","0.00K"
"85","Noel",99,"Flood",4,0,0,0,0,"0.00K","0.00K"
"86","Noel",99,"Landslide",7,0,0,0,0,"0.00K","0.00K"
"87","Humberto",13,"Hurricane",21,0,0,0,0,"0.00K","0.00K"
"88","Humberto",13,"Hurricane",32,0,0,0,0,"0.00K","0.00K"
"89","Noel",99,"Flood",1,0,0,0,0,"0.00K","0.00K"
"90","Noel",99,"Landslide",4,0,0,0,0,"0.00K","0.00K"
"91","Noel",99,"Flood",3,0,0,0,0,"0.00K","0.00K"
"92","Noel",99,"Landslide",7,0,0,0,0,"0.00K","0.00K"
"93","Humberto",13,"Hurricane",78,0,0,0,0,"0.00K","0.00K"
"94","Humberto",13,"Hurricane",57,0,0,0,0,"0.00K","0.00K"
"95","Humberto",13,"Hurricane",66,0,0,0,0,"0.00K","0.00K"
"96","Humberto",13,"Hurricane",69,0,0,0,0,"0.00K","0.00K"
"97","Noel",36,"High Wind",81,0,0,0,0,"0.00K","0.00K"
"98","Noel",99,"Landslide",4,0,0,0,0,"0.00K","0.00K"
"99","Noel",99,"Landslide",3,0,0,0,0,"0.00K","0.00K"
"100","Noel",99,"Flood",7,0,0,0,0,"0.00K","0.00K"
"101","Noel",99,"Landslide",4,0,0,0,0,"0.00K","0.00K"
"102","Noel",99,"Landslide",1,0,0,0,0,"0.00K","0.00K"
"103","Noel",99,"Landslide",9,0,0,0,0,"0.00K","0.00K"
"104","Noel",99,"Landslide",4,0,0,0,0,"0.00K","0.00K"
"105","Humberto",13,"Hurricane",55,0,0,0,0,"0.00K","0.00K"
"106","Erin",48,"Flash Flood",285,0,0,0,0,"0.00K","0.00K"
"107","Erin",48,"Flash Flood",21,0,0,0,0,"0.00K","0.00K"
"108","Erin",48,"Tornado",259,0,0,0,0,"10.00K","0.00K"
"109","Humberto",22,"Tropical Depression",24,0,0,0,0,"0.00K","0.00K"
"110","Humberto",22,"Tropical Depression",23,0,0,0,0,"0.00K","0.00K"
"111","Humberto",22,"Tropical Depression",15,0,0,0,0,"0.00K","0.00K"
"112","Humberto",28,"Thunderstorm Wind",1,0,0,0,0,"7.00K","0.00K"
"113","Humberto",28,"Thunderstorm Wind",63,0,0,0,0,"0.00K","0.00K"
"114","Barry",29,"Thunderstorm Wind",9,0,0,0,0,"5.00K","0.00K"
"115","Barry",29,"Thunderstorm Wind",125,0,0,0,0,"20.00K","0.00K"
"116","Erin",48,"Flash Flood",29,0,0,2,0,"15.00M","0.00K"
"117","Erin",48,"Flash Flood",19,0,0,0,0,"1.00M","0.00K"
"118","Erin",48,"Flash Flood",187,0,0,0,0,"0.00K","0.00K"
"119","Erin",48,"Flash Flood",137,0,0,0,0,"0.00K","0.00K"
"120","Erin",48,"Flash Flood",465,0,0,0,0,"50.00K","0.00K"
"121","Erin",48,"Flash Flood",137,0,0,0,0,"20.00K","0.00K"
"122","Erin",48,"Flash Flood",325,0,0,0,0,"150.00K","0.00K"
"123","Gabrielle",12,"High Surf",47,0,0,1,0,"0.00K","0.00K"
"124","Erin",48,"Flash Flood",31,0,0,0,0,"100.00K","0.00K"
"125","Erin",48,"Flash Flood",463,0,0,0,0,"0.00K","0.00K"
"126","Erin",48,"Flash Flood",209,0,0,0,0,"0.00K","0.00K"
"127","Erin",48,"Flash Flood",493,0,0,0,0,"200.00K","0.00K"
"128","Erin",48,"Flash Flood",259,0,0,2,0,"300.00K","0.00K"
"129","Erin",48,"Flash Flood",385,0,0,0,0,"0.00K","0.00K"
"130","Erin",48,"Flash Flood",453,0,0,0,0,"0.00K","0.00K"
"131","Erin",48,"Flash Flood",299,0,0,0,0,"0.00K","0.00K"
"132","Erin",48,"Flash Flood",91,0,0,0,0,"100.00K","0.00K"
"133","Erin",48,"Flash Flood",171,0,0,0,0,"200.00K","0.00K"
"134","Erin",48,"Flash Flood",265,0,0,0,0,"200.00K","0.00K"
"135","Gabrielle",37,"Heavy Rain",31,0,0,0,0,"0.00K","0.00K"
"136","Noel",12,"High Surf",38,0,0,0,0,"0.00K","0.00K"
"137","Gabrielle",37,"Storm Surge/Tide",103,0,0,0,0,"0.00K","0.00K"
"138","Gabrielle",37,"Flood",31,0,0,0,0,"5.00K","0.00K"
"139","Erin",19,"Heavy Rain",33,0,0,0,0,"0.00K","0.00K"
"140","Humberto",48,"Hurricane",238,0,0,0,0,"2.50M","0.00K"
"141","Humberto",48,"Hurricane",214,0,0,0,0,"0.50M","0.00K"
"142","Erin",19,"Flash Flood",13,0,0,0,0,"25.00K","0.00K"
"143","Erin",19,"Heavy Rain",15,0,0,0,0,"0.00K","0.00K"
"144","Humberto",37,"Thunderstorm Wind",155,0,0,0,0,"",""
"145","Erin",19,"Heavy Rain",127,0,0,0,0,"0.00K","0.00K"
"146","Lorenzo",48,"Ice Storm",34,0,2,0,1,"150.00K","0.00K"
"147","Lorenzo",48,"Ice Storm",36,0,0,0,0,"25.00K","0.00K"
"148","Lorenzo",48,"Ice Storm",27,0,0,0,0,"0.00K","0.00K"
"149","Lorenzo",48,"Ice Storm",33,0,0,0,0,"0.00K","0.00K"
"150","Erin",19,"Heavy Rain",79,0,0,0,0,"0.00K","0.00K"
"151","Lorenzo",48,"Ice Storm",38,0,0,0,0,"0.00K","0.00K"
"152","Lorenzo",48,"Ice Storm",32,0,0,0,0,"0.00K","0.00K"
"153","Lorenzo",48,"Ice Storm",42,0,2,0,1,"125.00K","0.00K"
"154","Lorenzo",48,"Ice Storm",24,0,0,0,0,"0.00K","0.00K"
"155","Lorenzo",48,"Ice Storm",35,0,41,0,0,"125.00K","0.00K"
"156","Lorenzo",48,"Ice Storm",21,0,0,0,0,"0.00K","0.00K"
"157","Lorenzo",48,"Ice Storm",22,0,0,0,0,"25.00K","0.00K"
"158","Lorenzo",48,"Ice Storm",28,0,0,0,0,"50.00K","0.00K"
"159","Lorenzo",48,"Ice Storm",29,0,0,0,0,"20.00K","0.00K"
"160","Lorenzo",48,"Ice Storm",39,0,0,0,0,"0.00K","0.00K"
"161","Lorenzo",48,"Ice Storm",40,0,0,0,0,"15.00K","0.00K"
"162","Lorenzo",48,"Ice Storm",41,0,23,0,0,"150.00K","0.00K"
"163","Lorenzo",48,"Ice Storm",25,0,0,0,0,"20.00K","0.00K"
"164","Lorenzo",48,"Ice Storm",26,0,0,0,0,"0.00K","0.00K"
"165","Lorenzo",48,"Ice Storm",23,0,0,0,0,"25.00K","0.00K"
"166","Erin",39,"Flood",147,0,0,0,0,"1.50M","2.00K"
"167","Erin",19,"Heavy Rain",15,0,0,0,0,"0.00K","0.00K"
"168","Lorenzo",48,"Winter Weather",31,0,0,0,0,"0.00K","0.00K"
"169","Lorenzo",48,"Winter Weather",37,0,0,0,0,"0.00K","0.00K"
"170","Lorenzo",48,"Ice Storm",30,0,0,0,0,"0.00K","0.00K"
"171","Erin",19,"Flash Flood",187,0,0,0,0,"10.00K","0.00K"
"172","Noel",34,"Coastal Flood",26,0,0,0,0,"0.00K","0.00K"
"173","Noel",34,"Coastal Flood",24,0,0,0,0,"0.00K","0.00K"
"174","Noel",34,"Coastal Flood",25,0,0,0,0,"0.00K","0.00K"
"175","Noel",34,"Coastal Flood",23,0,0,0,0,"0.00K","0.00K"
"176","Noel",34,"High Surf",25,0,0,0,0,"0.00K","0.00K"
"177","Noel",34,"High Surf",24,0,0,0,0,"25.00K","0.00K"
"178","Noel",34,"High Surf",26,0,0,0,0,"25.00K","0.00K"
"179","Noel",34,"High Surf",14,0,0,0,0,"0.00K","0.00K"
"180","Noel",34,"High Surf",12,0,0,0,0,"0.00K","0.00K"
"181","Barry",34,"Winter Weather",1,0,0,0,0,"0.00K","0.00K"
"182","Noel",37,"High Wind",104,0,0,0,0,"0.00K","0.00K"
"183","Noel",37,"High Wind",103,0,0,0,0,"0.00K","0.00K"
"184","Noel",37,"Coastal Flood",103,0,0,0,0,"72.00K","0.00K"
"185","Dean",32,"Flash Flood",3,0,0,0,0,"5.00M","0.00K"
"186","Noel",99,"Landslide",7,0,0,0,0,"0.00K","0.00K"
"187","Noel",99,"Landslide",6,0,0,0,0,"0.00K","0.00K"
"188","Noel",99,"Landslide",3,0,0,0,0,"0.00K","0.00K"
"189","Barry",34,"Winter Weather",8,0,0,0,0,"0.00K","0.00K"
"190","Noel",37,"Coastal Flood",95,0,0,0,0,"0.00K","0.00K"
"191","Noel",37,"High Wind",47,0,0,0,0,"0.00K","0.00K"
"192","Noel",37,"High Wind",95,0,0,0,0,"0.00K","0.00K"
"193","Noel",99,"Flood",3,0,0,0,0,"0.00K","0.00K"
"194","Noel",34,"Strong Wind",14,0,0,0,0,"5.00K","0.00K"
"195","Noel",34,"Strong Wind",25,0,0,0,0,"5.00K","0.00K"
"196","Noel",34,"Strong Wind",24,0,0,0,0,"5.00K","0.00K"
"197","Humberto",1,"Heavy Rain",49,0,0,0,0,"0.00K","0.00K"
"198","Noel",34,"Strong Wind",26,0,0,0,0,"5.00K","0.00K"
"199","Noel",34,"Coastal Flood",14,0,0,0,0,"0.00K","0.00K"
"200","Barry",88,"Marine Thunderstorm Wind",531,0,0,0,0,"0.00K","0.00K"
"201","Dean",6,"Flash Flood",73,0,0,0,0,"5.00K","0.00K"
"202","Humberto",28,"Flash Flood",95,0,0,0,0,"0.00K","0.00K"
"203","Dean",6,"Hail",71,0,0,0,0,"0.00K","0.00K"
"204","Humberto",28,"Flash Flood",49,0,0,0,0,"250.00K","0.00K"
"205","Humberto",28,"Flash Flood",97,1,0,0,0,"8.00K","0.00K"
"206","Humberto",28,"Flash Flood",155,0,0,0,0,"5.00K","0.00K"
"207","Erin",40,"Thunderstorm Wind",89,0,0,0,0,"0.00K","0.00K"
"208","Noel",99,"Landslide",6,2,0,2,0,"100.00K","0.00K"
"209","Dean",34,"Strong Wind",23,0,0,0,0,"1.00K","0.00K"
"210","Karen",96,"Heavy Rain",2,0,0,0,0,"0.00K","0.00K"
"211","Noel",96,"Heavy Rain",2,0,0,0,0,"0.00K","0.00K"
"212","Noel",99,"Flood",3,0,0,0,0,"0.00K","0.00K"
"213","Dean",34,"Strong Wind",22,0,0,0,0,"1.00K","0.00K"
"214","Dean",34,"Strong Wind",25,0,0,0,0,"1.00K","0.00K"
"215","Dean",34,"Strong Wind",24,0,0,0,0,"1.00K","0.00K"
"216","Noel",99,"Flash Flood",2,0,0,0,0,"0.00K","0.00K"
"217","Noel",99,"Flash Flood",3,0,0,0,0,"0.00K","0.00K"
"218","Olga",85,"Marine Thunderstorm Wind",850,0,0,0,0,"0.00K","0.00K"
"219","Olga",85,"Marine Thunderstorm Wind",830,0,0,0,0,"0.00K","0.00K"
"220","Olga",85,"Marine Thunderstorm Wind",853,0,0,0,0,"0.00K","0.00K"
"221","Dean",34,"Strong Wind",26,0,0,0,0,"1.00K","0.00K"
"222","Dean",34,"Strong Wind",27,0,0,0,0,"1.00K","0.00K"
"223","Dean",34,"Strong Wind",19,0,0,0,0,"1.00K","0.00K"
"224","Dean",34,"Strong Wind",21,0,0,0,0,"1.00K","0.00K"
"225","Olga",85,"Marine Thunderstorm Wind",830,0,0,0,0,"0.00K","0.00K"
"226","Olga",85,"Marine Thunderstorm Wind",830,0,0,0,0,"0.00K","0.00K"
"227","Olga",85,"Marine Thunderstorm Wind",830,0,0,0,0,"0.00K","0.00K"
"228","Olga",85,"Marine Thunderstorm Wind",830,0,0,0,0,"0.00K","0.00K"
"229","Olga",85,"Marine Thunderstorm Wind",830,0,0,0,0,"0.00K","0.00K"
"230","Olga",85,"Marine Thunderstorm Wind",830,0,0,0,0,"0.00K","0.00K"
"231","Olga",85,"Marine Thunderstorm Wind",830,0,0,0,0,"0.00K","0.00K"
"232","Dean",34,"Strong Wind",10,0,0,0,0,"1.00K","0.00K"
"233","Dean",34,"Strong Wind",20,0,0,0,0,"1.00K","0.00K"
"234","Dean",34,"Strong Wind",15,0,0,0,0,"1.00K","0.00K"
"235","Dean",34,"Strong Wind",18,0,0,0,0,"1.00K","0.00K"
"236","Olga",85,"Marine Thunderstorm Wind",830,0,0,0,0,"0.00K","0.00K"
"237","Olga",85,"Marine Thunderstorm Wind",830,0,0,0,0,"0.00K","0.00K"
"238","Olga",85,"Marine Thunderstorm Wind",830,0,0,0,0,"0.00K","0.00K"
"239","Olga",85,"Marine Thunderstorm Wind",850,0,0,0,0,"0.00K","0.00K"
"240","Dean",34,"Strong Wind",9,0,0,0,0,"1.00K","0.00K"
"241","Dean",34,"Strong Wind",13,0,0,0,0,"1.00K","0.00K"
"242","Dean",34,"Strong Wind",14,0,0,0,0,"1.00K","0.00K"
"243","Olga",85,"Marine Thunderstorm Wind",830,0,0,0,0,"0.00K","0.00K"
"244","Dean",34,"Strong Wind",7,0,0,0,0,"1.00K","0.00K"
"245","Dean",34,"Strong Wind",12,0,0,0,0,"1.00K","0.00K"
"246","Dean",34,"Strong Wind",1,0,0,0,0,"1.00K","0.00K"
"247","Dean",34,"Strong Wind",8,0,0,0,0,"1.00K","0.00K"
"248","Olga",12,"Tornado",101,0,0,0,0,"1.00M","0.00K"
"249","Olga",85,"Marine Thunderstorm Wind",830,0,0,0,0,"0.00K","0.00K"
"250","Olga",85,"Marine Thunderstorm Wind",853,0,0,0,0,"0.00K","0.00K"
"251","Olga",85,"Marine Thunderstorm Wind",830,0,0,0,0,"0.00K","0.00K"
"252","Dean",34,"Strong Wind",17,0,0,0,0,"1.00K","0.00K"
"253","Dean",34,"Strong Wind",16,0,0,0,0,"1.00K","0.00K"
"254","Olga",96,"Strong Wind",1,0,0,0,0,"0.50K","0.00K"
"255","Erin",19,"Flash Flood",33,0,0,0,0,"250.00K","25.00K"
"256","Erin",19,"Flash Flood",33,0,0,0,0,"25.00K","15.00K"
"257","Noel",51,"Strong Wind",98,0,0,0,0,"1.00K","0.00K"
"258","Noel",51,"Strong Wind",95,0,0,0,0,"1.00K","0.00K"
"259","Noel",51,"Strong Wind",91,0,0,0,0,"1.00K","0.00K"
"260","Erin",19,"Flash Flood",187,0,0,0,0,"5.00K","0.00K"
"261","Noel",44,"High Wind",4,0,0,0,0,"22.00K","0.00K"
"262","Noel",44,"High Wind",5,0,0,0,0,"10.00K","0.00K"
"263","Noel",44,"High Wind",6,0,0,0,0,"2.00K","0.00K"
"264","Noel",44,"High Wind",7,0,0,0,0,"4.00K","0.00K"
"265","Noel",25,"Coastal Flood",22,0,0,0,0,"0.00K","0.00K"
"266","Noel",12,"Tropical Depression",172,0,0,0,0,"0.00K","0.00K"
"267","Noel",12,"Tropical Depression",72,0,0,0,0,"0.00K","0.00K"
"268","Noel",25,"High Wind",21,0,0,0,0,"10.00K","0.00K"
"269","Noel",12,"Storm Surge/Tide",168,5,0,0,0,"4.00M","0.00K"
"270","Noel",25,"High Wind",22,0,0,0,0,"50.00K","0.00K"
"271","Noel",25,"High Wind",23,0,0,0,0,"3.00K","0.00K"
"272","Noel",25,"High Wind",7,0,0,0,0,"4.00K","0.00K"
"273","Noel",25,"High Wind",13,0,0,0,0,"2.50K","0.00K"
"274","Noel",25,"High Wind",15,0,0,0,0,"7.00K","0.00K"
"275","Noel",25,"High Wind",16,0,0,0,0,"1.00K","0.00K"
"276","Noel",36,"High Wind",80,0,0,0,0,"0.00K","0.00K"
"277","Noel",25,"High Wind",24,0,0,0,0,"4.00K","0.00K"
"278","Noel",12,"Storm Surge/Tide",173,0,0,0,0,"0.00K","0.00K"
"279","Noel",12,"Storm Surge/Tide",172,0,0,0,0,"0.00K","0.00K"
"280","Noel",25,"Coastal Flood",7,0,0,0,0,"10.00K","0.00K"
"281","Noel",25,"Coastal Flood",24,0,0,0,0,"0.00K","0.00K"
"282","Noel",12,"Storm Surge/Tide",173,0,0,0,0,"0.00K","0.00K"
"283","Noel",12,"Tropical Depression",74,0,0,0,0,"0.00K","0.00K"
"284","Noel",25,"High Wind",18,0,0,0,0,"6.00K","0.00K"
"285","Noel",25,"High Wind",19,0,0,0,0,"6.00K","0.00K"
"286","Noel",25,"High Wind",20,0,0,0,0,"7.00K","0.00K"
"287","Olga",12,"Thunderstorm Wind",103,0,0,0,0,"0.00K","0.00K"
"288","Olga",12,"Thunderstorm Wind",101,0,0,0,0,"0.00K","0.00K"
"289","Noel",12,"Tropical Depression",173,0,0,0,0,"0.00K","0.00K"
"290","Erin",19,"Flash Flood",13,0,0,0,0,"25.00K","10.00K"
"291","Erin",19,"Flash Flood",15,0,0,0,0,"75.00K","15.00K"
"292","Erin",19,"Flash Flood",13,0,0,0,0,"50.00K","10.00K"
"293","Erin",19,"Flash Flood",79,0,0,0,0,"5.00K","0.00K"
"294","Erin",19,"Flash Flood",69,0,0,0,0,"25.00K","10.00K"
"295","Erin",19,"Flash Flood",13,0,0,0,0,"100.00K","10.00K"
"296","Erin",19,"Flash Flood",187,0,0,0,0,"50.00K","10.00K"
"297","Erin",19,"Flash Flood",187,0,0,0,0,"25.00K","10.00K"
"298","Erin",19,"Flash Flood",25,0,0,0,0,"50.00K","0.00K"
"299","Noel",51,"Strong Wind",100,0,0,0,0,"1.00K","0.00K"
"300","Erin",19,"Flash Flood",69,0,0,0,0,"75.00K","15.00K"
"301","Erin",19,"Flash Flood",91,0,0,0,0,"15.00K","0.00K"
"302","Erin",19,"Flash Flood",33,0,0,0,0,"75.00K","0.00K"
"303","Erin",19,"Flash Flood",25,0,0,0,0,"25.00K","5.00K"
"304","Erin",19,"Flash Flood",187,0,0,0,0,"25.00K","5.00K"
"305","Erin",19,"Flash Flood",197,0,0,0,0,"30.00K","5.00K"
"306","Erin",19,"Flash Flood",187,0,0,0,0,"25.00K","5.00K"
"307","Erin",19,"Flash Flood",25,0,0,0,0,"25.00K","10.00K"
"308","Olga",99,"Heavy Rain",3,0,0,0,0,"0.00K","0.00K"
"309","Olga",99,"Heavy Rain",5,0,0,0,0,"0.00K","0.00K"
"310","Olga",99,"Heavy Rain",1,0,0,0,0,"0.00K","0.00K"
"311","Olga",99,"Landslide",6,0,0,0,0,"0.00K","0.00K"
"312","Olga",99,"Flood",5,0,0,0,0,"5.00K","0.00K"
"313","Olga",99,"Flood",1,0,0,0,0,"1.00K","0.00K"
"314","Olga",99,"Flood",1,0,0,0,0,"3.00K","0.00K"
"315","Olga",99,"Flood",1,0,0,0,0,"3.00K","0.00K"
"316","Olga",99,"Flood",5,0,0,0,0,"2.00K","0.00K"
"317","Olga",99,"Flash Flood",5,0,0,0,0,"2.00K","0.00K"
"318","Olga",99,"Flood",4,0,0,0,0,"1.00K","0.00K"
"319","Olga",99,"Landslide",4,0,0,0,0,"3.00K","0.00K"
"320","Olga",99,"Landslide",4,0,0,0,0,"3.00K","0.00K"
"321","Olga",99,"Landslide",9,0,0,0,0,"0.00K","0.00K"
"322","Olga",99,"Flood",6,0,0,0,0,"1.00K","0.00K"
"323","Olga",99,"Landslide",4,0,0,0,0,"2.00K","0.00K"
"324","Olga",99,"Heavy Rain",5,0,0,0,0,"0.03K","0.00K"
"325","Olga",99,"Flash Flood",4,0,0,0,0,"0.00K","0.00K"
"326","Olga",99,"Heavy Rain",7,0,0,0,0,"0.00K","0.00K"
"327","Olga",99,"Heavy Rain",1,0,0,0,0,"1.00K","0.00K"
"328","Olga",99,"Landslide",6,0,0,0,0,"0.00K","0.00K"
"329","Olga",99,"Landslide",1,0,0,0,0,"2.00K","0.00K"
"330","Olga",99,"Heavy Rain",1,0,0,0,0,"2.00K","0.00K"
"331","Olga",99,"Flood",4,0,0,0,0,"1.00K","0.00K"
"332","Olga",99,"Landslide",1,1,0,0,0,"20.00K","0.00K"
"333","Olga",99,"Flood",10,0,0,0,0,"2.00K","0.00K"
"334","Olga",99,"Landslide",3,0,0,0,0,"2.00K","0.00K"
"335","Olga",99,"Landslide",1,0,0,0,0,"0.00K","0.00K"
"336","Olga",99,"Landslide",1,0,0,0,0,"0.00K","0.00K"
"337","Olga",99,"Heavy Rain",5,0,0,0,0,"0.00K","0.00K"
"338","Olga",99,"Landslide",1,0,0,0,0,"3.00K","0.00K"
"339","Olga",99,"Strong Wind",10,2,0,0,0,"1.50K","0.00K"
"340","Olga",99,"Landslide",4,0,0,0,0,"3.00K","0.00K"
"341","Olga",99,"Landslide",4,0,0,0,0,"3.00K","0.00K"
"342","Olga",99,"Landslide",1,0,0,0,0,"2.00K","0.00K"
"343","Olga",99,"Landslide",4,0,0,0,0,"0.00K","0.00K"
"344","Olga",99,"Heavy Rain",1,0,0,0,0,"0.00K","0.00K"
"345","Olga",99,"Strong Wind",6,0,0,0,0,"2.00K","0.00K"
"346","Olga",99,"Landslide",1,0,0,0,0,"2.50K","0.00K"
"347","Olga",99,"Landslide",4,0,0,0,0,"0.00K","0.00K"
"348","Olga",99,"Flood",9,0,0,0,0,"0.00K","0.00K"
"349","Olga",99,"Landslide",9,0,0,0,0,"0.00K","0.00K"
"350","Olga",99,"Landslide",9,0,0,0,0,"0.00K","0.00K"
"351","Olga",99,"Flood",2,0,0,0,0,"10.00K","0.00K"
"352","Erin",40,"Heavy Rain",33,0,0,0,0,"0.00K","0.00K"
"353","Erin",40,"Heavy Rain",17,0,0,0,0,"0.00K","0.00K"
"354","Erin",40,"Heavy Rain",15,0,0,0,0,"0.00K","0.00K"
"355","Erin",40,"Heavy Rain",27,0,0,0,0,"0.00K","0.00K"
"356","Erin",40,"Heavy Rain",109,0,0,0,0,"0.00K","0.00K"
"357","Erin",40,"Heavy Rain",11,0,0,0,0,"0.00K","0.00K"
"358","Erin",40,"Heavy Rain",15,0,0,0,0,"0.00K","0.00K"
"359","Erin",40,"Heavy Rain",11,0,0,0,0,"0.00K","0.00K"
"360","Erin",40,"Heavy Rain",75,0,0,0,0,"0.00K","0.00K"
"361","Erin",40,"Heavy Rain",27,0,0,0,0,"0.00K","0.00K"
"362","Olga",99,"Heavy Rain",6,0,0,0,0,"0.00K","0.00K"
"363","Olga",99,"Landslide",6,0,0,0,0,"0.00K","0.00K"
"364","Humberto",37,"Tornado",101,0,0,0,0,"0.00K","0.00K"
"365","Barry",34,"Winter Weather",1,0,0,0,0,"0.00K","0.00K"
"366","Barry",34,"Winter Weather",7,0,0,0,0,"0.00K","0.00K"
"367","Barry",34,"Winter Weather",8,0,0,0,0,"0.00K","0.00K"
"368","Dean",34,"Flood",23,0,0,0,0,"0.00K","0.00K"
"369","Andrea",37,"Hail",63,0,0,0,0,"0.00K","0.00K"
"370","Andrea",37,"Hail",77,0,0,0,0,"0.00K","0.00K"
"371","Andrea",37,"Hail",145,0,0,0,0,"0.00K","0.00K"
"372","Andrea",37,"Hail",167,0,0,0,0,"0.00K","0.00K"
"373","Dean",34,"Flood",27,0,0,0,0,"0.00K","0.00K"
"374","Dean",34,"Flood",25,0,0,0,0,"0.00K","0.00K"
"375","Andrea",37,"Thunderstorm Wind",77,0,0,0,0,"0.00K","0.00K"
"376","Andrea",37,"Thunderstorm Wind",37,0,0,0,0,"0.00K","0.00K"
"377","Humberto",37,"Tornado",183,0,0,0,0,"0.00K","0.00K"
"378","Dean",34,"Flood",35,0,0,0,0,"0.00K","0.00K"
"379","Dean",34,"Flood",21,0,0,0,0,"0.00K","0.00K"
"380","Dean",34,"Flood",19,0,0,0,0,"0.00K","0.00K"
"381","Andrea",12,"High Surf",38,0,0,0,0,"0.00K","0.00K"
"382","Andrea",12,"High Surf",41,0,0,1,0,"0.00K","0.00K"
"383","Andrea",12,"High Surf",33,0,0,0,0,"0.00K","0.00K"
"384","Andrea",12,"Coastal Flood",168,0,0,0,0,"10.00K","0.00K"
"385","Andrea",12,"Tropical Storm",24,0,0,0,0,"0.00K","0.00K"
"386","Andrea",13,"High Surf",154,0,0,0,0,"0.00K","0.00K"
"387","Barry",12,"Wildfire",38,0,0,0,0,"0.00K","0.00K"
"388","Andrea",12,"High Surf",25,0,0,0,0,"0.00K","0.00K"
"389","Andrea",12,"High Surf",24,0,0,0,0,"0.00K","0.00K"
"390","Andrea",13,"High Surf",166,0,0,0,0,"0.00K","0.00K"
"391","Andrea",12,"Tropical Storm",25,0,0,0,0,"0.00K","0.00K"
"392","Andrea",12,"Tropical Storm",33,0,0,0,0,"0.00K","0.00K"
"393","Andrea",12,"Tropical Storm",38,0,0,0,0,"0.00K","0.00K"
"394","Barry",45,"Strong Wind",48,0,0,0,0,"2.00K","0.00K"
"395","Barry",45,"Strong Wind",51,0,0,0,0,"2.00K","0.00K"
"396","Barry",45,"Strong Wind",49,0,0,0,0,"2.00K","0.00K"
"397","Barry",45,"Strong Wind",50,0,0,0,0,"2.00K","0.00K"
"398","Barry",12,"Tropical Storm",34,0,0,0,0,"0.00K","0.00K"
"399","Dean",34,"Excessive Heat",22,0,0,0,0,"0.00K","0.00K"
"400","Dean",34,"Excessive Heat",13,0,0,0,0,"0.00K","0.00K"
"401","Dean",34,"Excessive Heat",20,0,0,0,0,"0.00K","0.00K"
"402","Barry",26,"Thunderstorm Wind",115,0,0,0,0,"20.00K","0.00K"
"403","Barry",34,"Flash Flood",3,0,0,0,0,"0.00K","0.00K"
"404","Barry",36,"Flash Flood",47,0,0,0,0,"0.00K","0.00K"
"405","Barry",36,"Flash Flood",61,0,0,0,0,"0.00K","0.00K"
"406","Dean",34,"Excessive Heat",16,0,0,0,0,"0.00K","0.00K"
"407","Dean",34,"Excessive Heat",10,0,0,0,0,"0.00K","0.00K"
"408","Dean",34,"Excessive Heat",27,0,0,0,0,"0.00K","0.00K"
"409","Barry",26,"Flood",161,0,0,0,0,"50.00K","0.00K"
"410","Barry",34,"Flash Flood",17,0,0,0,0,"0.00K","0.00K"
"411","Dean",34,"Excessive Heat",15,0,0,0,0,"0.00K","0.00K"
"412","Dean",34,"Excessive Heat",12,0,0,0,0,"0.00K","0.00K"
"413","Dean",34,"Excessive Heat",19,0,0,0,0,"0.00K","0.00K"
"414","Andrea",37,"High Surf",101,0,0,0,0,"",""
"415","Barry",34,"Heavy Rain",25,0,6,0,1,"0.00K","0.00K"
"416","Dean",34,"Excessive Heat",21,0,0,0,0,"0.00K","0.00K"
"417","Dean",34,"Excessive Heat",17,0,0,0,0,"0.00K","0.00K"
"418","Barry",26,"Flood",93,0,0,0,0,"400.00K","0.00K"
"419","Dean",34,"Excessive Heat",9,0,0,0,0,"0.00K","0.00K"
"420","Dean",34,"Excessive Heat",18,0,0,0,0,"0.00K","0.00K"
"421","Barry",36,"Flash Flood",81,0,0,0,0,"0.00K","0.00K"
"422","Barry",36,"Flash Flood",119,0,0,0,0,"0.00K","0.00K"
"423","Barry",36,"Flash Flood",59,0,0,0,0,"0.00K","0.00K"
"424","Barry",88,"Marine Thunderstorm Wind",531,0,0,0,0,"0.00K","0.00K"
"425","Barry",34,"Heavy Rain",9,0,0,0,0,"0.00K","0.00K"
"426","Barry",34,"Flood",1,0,0,0,0,"0.00K","0.00K"
"427","Erin",19,"Thunderstorm Wind",33,0,0,0,0,"40.00K","0.00K"
"428","Barry",12,"Tropical Storm",18,0,0,0,0,"0.00K","0.00K"
"429","Barry",12,"Tropical Storm",19,0,0,0,0,"1.00K","0.00K"
"430","Barry",12,"Tropical Storm",29,0,0,0,0,"0.00K","0.00K"
"431","Barry",12,"Tropical Storm",28,0,0,0,0,"0.00K","0.00K"
"432","Barry",34,"Heavy Rain",29,0,2,0,0,"0.00K","0.00K"
"433","Barry",85,"Marine Thunderstorm Wind",53,0,0,0,0,"0.00K","0.00K"
"434","Barry",85,"Marine Thunderstorm Wind",31,0,0,0,0,"0.00K","0.00K"
"435","Erin",29,"Flash Flood",57,0,0,0,0,"2.30M","0.00K"
"436","Erin",48,"Tropical Depression",113,0,0,0,0,"0.00K","0.00K"
"437","Erin",48,"Tropical Depression",169,0,0,0,0,"0.00K","0.00K"
"438","Erin",48,"Tropical Depression",170,0,0,0,0,"0.00K","0.00K"
"439","Erin",29,"Tornado",215,0,0,0,0,"0.00K","0.00K"
"440","Erin",29,"Thunderstorm Wind",105,0,0,0,0,"0.00K","0.00K"
"441","Erin",48,"Tropical Depression",154,0,0,0,0,"0.00K","0.00K"
"442","Erin",29,"Thunderstorm Wind",105,0,0,0,0,"0.00K","0.00K"
"443","Erin",48,"Tropical Depression",77,0,0,0,0,"0.00K","0.00K"
"444","Erin",48,"Tropical Depression",76,0,0,0,0,"0.00K","0.00K"
"445","Erin",48,"Tropical Depression",49,0,0,0,0,"0.00K","0.00K"
"446","Erin",48,"Tropical Depression",98,0,0,0,0,"0.00K","0.00K"
"447","Erin",48,"Tropical Storm",246,0,0,0,0,"0.00K","0.00K"
"448","Erin",48,"Tropical Depression",71,0,0,0,0,"0.00K","0.00K"
"449","Erin",29,"Flash Flood",97,0,0,0,0,"0.00K","0.00K"
"450","Erin",29,"Flash Flood",59,0,0,0,0,"50.00K","0.00K"
"451","Erin",29,"Flash Flood",29,0,0,0,0,"0.00K","0.00K"
"452","Erin",48,"Tropical Storm",247,0,0,0,0,"0.00K","0.00K"
"453","Erin",29,"Flash Flood",169,0,0,0,0,"0.00K","0.00K"
"454","Erin",48,"Tropical Depression",128,0,0,0,0,"0.00K","0.00K"
"455","Erin",48,"Tropical Depression",65,0,0,0,0,"0.00K","0.00K"
"456","Erin",48,"Tropical Depression",73,0,0,0,0,"0.00K","0.00K"
"457","Erin",48,"Tropical Depression",168,0,0,0,0,"0.00K","0.00K"
"458","Erin",48,"Tropical Depression",54,0,0,0,0,"0.00K","0.00K"
"459","Erin",48,"Tropical Depression",66,0,0,0,0,"0.00K","0.00K"
"460","Erin",29,"Flash Flood",167,0,0,0,0,"9.00M","0.00K"
"461","Erin",29,"Flash Flood",225,0,0,0,0,"600.00K","0.00K"
"462","Erin",48,"Tropical Storm",245,0,0,0,0,"0.00K","0.00K"
"463","Barry",12,"Tornado",86,0,0,0,0,"20.00K","0.00K"
"464","Erin",29,"Flash Flood",109,0,0,0,0,"2.50M","0.00K"
"465","Erin",48,"Flash Flood",415,0,0,0,0,"0.00K","0.00K"
"466","Erin",48,"Flash Flood",227,0,0,0,0,"0.00K","0.00K"
"467","Erin",48,"Flash Flood",123,0,0,0,0,"0.00K","0.00K"
"468","Erin",48,"Flash Flood",299,0,0,0,0,"0.00K","0.00K"
"469","Erin",48,"Flood",353,0,0,0,0,"0.00K","0.00K"
"470","Erin",48,"Flood",441,0,0,0,0,"5.00M","0.00K"
"471","Erin",48,"Flash Flood",441,0,0,0,0,"0.00K","0.00K"
"472","Erin",48,"Flash Flood",255,0,0,0,0,"200.00K","0.00K"
"473","Erin",48,"Tropical Depression",114,0,0,0,0,"0.00K","0.00K"
"474","Erin",48,"Tropical Depression",64,0,0,0,0,"0.00K","0.00K"
"475","Erin",48,"Tropical Depression",78,0,0,0,0,"0.00K","0.00K"
"476","Erin",48,"Flash Flood",441,0,0,0,0,"0.00K","0.00K"
"477","Erin",48,"Flash Flood",253,0,0,0,0,"25.00M","0.00K"
"478","Erin",48,"Flash Flood",151,0,0,0,0,"0.00K","0.00K"
"479","Erin",48,"Flash Flood",441,0,0,0,0,"0.00K","0.00K"
"480","Erin",48,"Tropical Depression",127,0,0,0,0,"0.00K","0.00K"
"481","Erin",48,"Flash Flood",253,0,0,0,0,"0.00K","0.00K"
"482","Erin",48,"Flash Flood",227,0,0,0,0,"0.00K","0.00K"
"483","Dean",99,"High Surf",7,0,0,0,0,"3.00K","0.00K"
"484","Erin",48,"Tropical Depression",72,0,0,0,0,"0.00K","0.00K"
"485","Erin",48,"Flash Flood",319,0,0,0,0,"0.00K","0.00K"
"486","Dean",96,"Tropical Storm",2,0,0,0,0,"30.00K","5.00K"
"487","Erin",48,"Flash Flood",207,0,0,0,0,"0.00K","0.00K"
"488","Dean",99,"High Surf",11,0,0,0,0,"10.00K","0.00K"
"489","Dean",99,"Tropical Storm",11,0,0,0,0,"5.00K","0.00K"
"490","Dean",99,"High Surf",3,0,0,0,0,"5.00K","0.00K"
"491","Erin",48,"Flash Flood",267,0,0,0,0,"0.00K","0.00K"
"492","Erin",48,"Flash Flood",441,0,0,0,0,"500.00K","0.00K"
"493","Erin",48,"Flash Flood",441,0,0,1,0,"30.00K","0.00K"
"494","Erin",48,"Flash Flood",441,0,0,0,0,"0.00K","0.00K"
"495","Erin",48,"Flash Flood",441,0,0,0,0,"0.00K","0.00K"
"496","Erin",48,"Flood",151,0,0,0,0,"0.00K","0.00K"
"497","Erin",48,"Flood",207,0,0,0,0,"0.00K","0.00K"
"498","Erin",48,"Flood",253,0,0,0,0,"0.00K","0.00K"
"499","Erin",48,"Flash Flood",451,0,0,0,0,"0.00K","0.00K"
"500","Erin",48,"Flash Flood",207,0,0,0,0,"0.00K","0.00K"
"501","Erin",48,"Flash Flood",441,0,0,0,0,"0.00K","0.00K"
"502","Erin",5,"Thunderstorm Wind",119,0,0,0,0,"","0.00K"
"503","Erin",5,"Thunderstorm Wind",85,0,0,0,0,"","0.00K"
"504","Dean",34,"Excessive Heat",12,0,0,0,0,"0.00K","0.00K"
"505","Dean",34,"Excessive Heat",19,0,0,0,0,"0.00K","0.00K"
"506","Dean",34,"Excessive Heat",16,0,0,0,0,"0.00K","0.00K"
"507","Erin",48,"Flash Flood",207,0,0,0,0,"0.00K","0.00K"
"508","Dean",34,"Excessive Heat",17,0,0,0,0,"0.00K","0.00K"
"509","Dean",34,"Excessive Heat",9,0,0,0,0,"0.00K","0.00K"
"510","Dean",34,"Excessive Heat",15,0,0,0,0,"0.00K","0.00K"
"511","Dean",34,"Excessive Heat",23,0,0,0,0,"0.00K","0.00K"
"512","Dean",34,"Excessive Heat",13,0,0,0,0,"0.00K","0.00K"
"513","Dean",34,"Excessive Heat",20,0,0,0,0,"0.00K","0.00K"
"514","Dean",34,"Excessive Heat",10,0,0,0,0,"0.00K","0.00K"
"515","Dean",34,"Excessive Heat",27,0,0,0,0,"0.00K","0.00K"
"516","Dean",34,"Excessive Heat",22,0,0,0,0,"0.00K","0.00K"
"517","Erin",48,"Flash Flood",353,0,0,0,0,"0.00K","0.00K"
"518","Erin",5,"Lightning",145,0,0,0,0,"2.50K","0.00K"
"519","Barry",85,"Marine Thunderstorm Wind",53,0,0,0,0,"0.00K","0.00K"
"520","Barry",12,"Storm Surge/Tide",50,0,0,0,0,"0.00K","0.00K"
"521","Barry",12,"Rip Current",50,0,0,1,0,"0.00K","0.00K"
"522","Barry",12,"Tropical Storm",50,0,0,0,0,"0.00K","0.00K"
"523","Barry",12,"Tropical Storm",51,1,0,0,0,"40.00K",""
"524","Barry",13,"Flash Flood",251,0,0,0,0,"3.00K","0.00K"
"525","Barry",12,"Tropical Storm",60,0,0,0,0,"0.00K","0.00K"
"526","Barry",12,"Tropical Storm",55,0,0,0,0,"0.00K","0.00K"
"527","Barry",12,"Tropical Storm",52,0,0,0,0,"0.00K","0.00K"
"528","Barry",12,"Heavy Rain",103,0,0,0,0,"0.00K","0.00K"
"529","Barry",12,"Heavy Rain",57,0,0,0,0,"0.00K","0.00K"
"530","Barry",12,"Heavy Rain",101,0,0,0,0,"0.00K","0.00K"
"531","Barry",12,"Heavy Rain",75,0,0,0,0,"0.00K","0.00K"
"532","Barry",85,"Marine Thunderstorm Wind",53,0,0,0,0,"0.00K","0.00K"
"533","Barry",34,"Coastal Flood",25,0,0,0,0,"0.00K","0.00K"
"534","Barry",34,"Coastal Flood",24,0,0,0,0,"0.00K","0.00K"
"535","Barry",34,"Coastal Flood",14,0,0,0,0,"0.00K","0.00K"
"536","Barry",34,"Coastal Flood",26,0,0,0,0,"0.00K","0.00K"
"537","Barry",85,"Marine Thunderstorm Wind",75,0,0,0,0,"0.00K","0.00K"
"538","Barry",85,"Marine Thunderstorm Wind",54,0,0,0,0,"0.00K","0.00K"
"539","Barry",85,"Marine Thunderstorm Wind",54,0,0,0,0,"0.00K","0.00K"
"540","Barry",85,"Marine Thunderstorm Wind",53,0,0,0,0,"0.00K","0.00K"
"541","Erin",48,"Tropical Depression",38,0,0,0,0,"0.00K","0.00K"
"542","Erin",48,"Tropical Depression",42,0,0,0,0,"0.00K","0.00K"
"543","Erin",48,"Tropical Depression",43,0,0,0,0,"0.00K","0.00K"
"544","Erin",48,"Tropical Depression",44,0,0,0,0,"0.00K","0.00K"
"545","Erin",37,"Thunderstorm Wind",127,0,0,0,0,"0.00K","0.00K"
"546","Erin",37,"Thunderstorm Wind",51,0,0,0,0,"0.00K","0.00K"
"547","Erin",48,"Tropical Depression",36,0,0,0,0,"0.00K","0.00K"
"548","Erin",48,"Tropical Depression",37,0,0,0,0,"0.00K","0.00K"
"549","Erin",48,"Tropical Depression",26,0,0,0,0,"0.00K","0.00K"
"550","Erin",48,"Tropical Depression",32,0,0,0,0,"0.00K","0.00K"
"551","Erin",48,"Thunderstorm Wind",35,0,0,0,0,"5.00K","0.00K"
"552","Erin",48,"Tropical Depression",31,0,0,0,0,"0.00K","0.00K"
"553","Dean",34,"Flood",35,0,0,0,0,"0.00K","0.00K"
"554","Dean",34,"Flood",19,0,0,0,0,"0.00K","0.00K"
"555","Erin",40,"Flash Flood",73,0,0,1,0,"500.00K","0.00K"
"556","Erin",40,"Thunderstorm Wind",11,2,0,0,0,"84.00K","0.00K"
"557","Humberto",37,"Tornado",67,0,0,0,0,"0.00K","0.00K"
"558","Erin",40,"Flash Flood",39,0,0,0,0,"50.00K","0.00K"
"559","Dean",6,"Flash Flood",73,0,0,0,0,"15.00K","0.00K"
"560","Humberto",37,"Tornado",57,0,0,0,0,"0.00K","0.00K"
"561","Humberto",37,"Tornado",101,0,0,0,0,"0.00K","0.00K"
"562","Erin",40,"Flash Flood",51,0,0,0,0,"1.00M","0.00K"
"563","Erin",40,"Flash Flood",17,0,0,0,0,"100.00K","0.00K"
"564","Erin",40,"Flash Flood",125,0,0,0,0,"250.00K","0.00K"
"565","Erin",40,"Flash Flood",15,0,0,1,0,"100.00K","0.00K"
"566","Erin",40,"Flash Flood",11,0,0,0,0,"1.00M","0.00K"
"567","Erin",40,"Thunderstorm Wind",11,0,0,0,0,"500.00K","0.00K"
"568","Erin",40,"Flash Flood",17,0,0,0,0,"800.00K","0.00K"
"569","Erin",48,"Tornado",77,0,0,0,0,"10.00K","0.00K"
"570","Erin",40,"Tornado",15,0,0,0,0,"5.00K","0.00K"
"571","Erin",40,"Thunderstorm Wind",15,0,0,0,0,"10.00K","0.00K"
"572","Erin",40,"Thunderstorm Wind",17,0,0,0,0,"0.00K","0.00K"
"573","Erin",40,"Thunderstorm Wind",11,0,0,0,0,"60.00K","0.00K"
"574","Erin",40,"Flash Flood",15,0,0,3,0,"10.00K","0.00K"
"575","Humberto",37,"Tornado",57,0,0,0,0,"0.00K","0.00K"
"576","Humberto",37,"Thunderstorm Wind",183,0,0,0,0,"0.00K","0.00K"
"577","Humberto",37,"Thunderstorm Wind",183,0,0,0,0,"0.00K","0.00K"
"578","Humberto",37,"Tornado",101,0,0,0,0,"0.00K","0.00K"
"579","Erin",48,"Flash Flood",201,0,0,3,0,"750.00K","0.00K"
"580","Erin",40,"Flash Flood",49,0,0,0,0,"20.00K","0.00K"
"581","Erin",40,"Thunderstorm Wind",11,0,0,0,0,"0.00K","0.00K"
"582","Dean",34,"Excessive Heat",21,0,0,0,0,"0.00K","0.00K"
"583","Dean",34,"Excessive Heat",18,0,0,0,0,"0.00K","0.00K"
"584","Humberto",28,"Flash Flood",15,0,0,0,0,"10.00K","0.00K"
"585","Dean",32,"Lightning",3,0,0,0,0,"1.00M","0.00K"
"586","Noel",12,"Storm Surge/Tide",168,0,0,0,0,"0.00K","0.00K"
"587","Humberto",1,"Drought",39,0,0,0,0,"0.00K",""
"588","Humberto",1,"Drought",11,0,0,0,0,"0.00K",""
"589","Humberto",22,"Tropical Storm",27,0,0,0,0,"50.00K","0.00K"
"590","Erin",40,"Thunderstorm Wind",51,0,0,0,0,"0.00K","0.00K"
"591","Erin",40,"Thunderstorm Wind",27,0,0,0,0,"5.00K","0.00K"
"592","Erin",39,"Flash Flood",139,0,0,0,0,"70.00M","5.00M"
"593","Erin",39,"Flash Flood",63,0,0,0,0,"100.00M","5.00M"
"594","Erin",40,"Tornado",149,0,0,0,0,"0.00K","0.00K"
"595","Erin",40,"Tornado",75,0,0,0,0,"50.00K","0.00K"
"596","Erin",40,"Tornado",51,0,0,0,0,"15.00K","0.00K"
"597","Erin",40,"Tornado",17,0,0,0,0,"5.00K","0.00K"
"598","Erin",40,"Tornado",51,0,0,0,0,"45.00K","0.00K"
"599","Erin",40,"Tornado",17,0,0,0,0,"5.00K","0.00K"
"600","Erin",40,"Thunderstorm Wind",15,0,0,0,0,"0.00K","0.00K"
"601","Erin",40,"Thunderstorm Wind",15,0,0,0,0,"0.00K","0.00K"
"602","Erin",40,"Thunderstorm Wind",15,0,0,0,0,"0.00K","0.00K"
"603","Erin",39,"Flood",175,0,0,0,0,"0.00K","0.00K"
"604","Erin",39,"Flood",95,0,0,0,0,"0.00K","0.00K"
"605","Erin",39,"Flood",33,0,0,0,0,"0.00K","0.00K"
"606","Erin",39,"Flash Flood",5,0,0,0,0,"3.00M","750.00K"
"607","Erin",39,"Flash Flood",75,0,0,0,0,"1.50M","750.00K"
"608","Erin",40,"Thunderstorm Wind",15,0,0,0,0,"0.00K","0.00K"
"609","Erin",40,"Thunderstorm Wind",15,0,0,0,0,"0.00K","0.00K"
"610","Erin",40,"Thunderstorm Wind",11,0,0,0,0,"0.00K","0.00K"
"611","Erin",40,"Thunderstorm Wind",11,0,0,0,0,"0.00K","0.00K"
"612","Erin",40,"Thunderstorm Wind",11,0,0,0,0,"0.00K","0.00K"
"613","Erin",40,"Thunderstorm Wind",15,0,0,0,0,"0.00K","0.00K"
"614","Erin",40,"Thunderstorm Wind",11,0,0,0,0,"0.00K","0.00K"
"615","Erin",40,"Thunderstorm Wind",11,0,0,0,0,"0.00K","0.00K"
"616","Erin",40,"Thunderstorm Wind",39,0,0,0,0,"10.00K","0.00K"
"617","Erin",39,"Flood",93,0,0,0,0,"50.00K","0.00K"
"618","Erin",39,"Flood",147,0,0,0,0,"0.00K","0.00K"
"619","Erin",40,"Thunderstorm Wind",15,0,0,0,0,"4.00K","0.00K"
"620","Erin",40,"Lightning",15,0,0,0,0,"80.00K","0.00K"
"621","Erin",40,"Thunderstorm Wind",17,0,0,0,0,"8.00K","0.00K"
"622","Erin",40,"Thunderstorm Wind",17,0,0,0,0,"4.00K","0.00K"
"623","Erin",40,"Thunderstorm Wind",17,0,0,0,0,"0.00K","0.00K"
"624","Erin",40,"Thunderstorm Wind",87,0,0,0,0,"4.00K","0.00K"
"625","Lorenzo",48,"Tornado",409,0,0,0,0,"250.00K","0.00K"
"626","Erin",39,"Flood",75,0,0,0,0,"0.00K","0.00K"
"627","Erin",39,"Flood",75,0,0,0,0,"50.00K","0.00K"
"628","Erin",39,"Flood",5,0,0,0,0,"0.00K","0.00K"
"629","Erin",39,"Flood",139,0,0,0,0,"0.00K","0.00K"
"630","Erin",39,"Flood",83,0,0,0,0,"25.00K","0.00K"
"631","Erin",40,"Thunderstorm Wind",109,0,0,0,0,"0.50K","0.00K"
"632","Erin",40,"Flash Flood",15,0,0,0,0,"0.00K","0.00K"
"633","Erin",40,"Flash Flood",75,0,0,0,0,"0.00K","0.00K"
"634","Erin",40,"Flash Flood",75,0,0,0,0,"0.00K","0.00K"
"635","Erin",40,"Flash Flood",75,0,0,0,0,"0.00K","0.00K"
"636","Erin",40,"Flash Flood",75,0,0,0,0,"60.00K","0.00K"
"637","Erin",40,"Flash Flood",15,0,0,0,0,"0.00K","0.00K"
"638","Noel",23,"High Wind",16,0,0,0,0,"",""
"639","Noel",23,"High Wind",11,0,0,0,0,"",""
"640","Humberto",48,"Tropical Storm",182,0,0,0,0,"50.00K","0.00K"
"641","Humberto",48,"Tropical Storm",181,0,0,0,0,"10.00K","0.00K"
"642","Noel",12,"Tropical Depression",74,0,0,0,0,"0.00K","0.00K"
"643","Humberto",1,"Drought",22,0,0,0,0,"0.00K",""
"644","Humberto",1,"Drought",49,0,0,0,0,"0.00K",""
"645","Humberto",22,"Tropical Storm",51,0,0,0,0,"50.00K","0.00K"
"646","Humberto",22,"Tropical Storm",31,0,0,0,0,"75.00K","0.00K"
"647","Humberto",22,"Tropical Storm",28,0,0,0,0,"75.00K","0.00K"
"648","Humberto",1,"Drought",42,0,0,0,0,"0.00K",""
"649","Humberto",1,"Drought",45,0,0,0,0,"0.00K",""
"650","Noel",12,"Tropical Depression",72,0,0,0,0,"0.00K","0.00K"
"651","Erin",39,"Flash Flood",33,0,0,0,0,"62.00M","3.00M"
"652","Erin",40,"Flash Flood",27,0,0,0,0,"20.00K","0.00K"
"653","Erin",40,"Flash Flood",109,0,0,0,0,"15.00K","0.00K"
"654","Erin",40,"Flash Flood",27,0,0,0,0,"15.00K","0.00K"
"655","Erin",40,"Flash Flood",133,0,0,1,0,"50.00K","0.00K"
"656","Noel",23,"High Wind",29,0,0,0,0,"",""
"657","Noel",23,"High Wind",15,0,0,0,0,"",""
"658","Humberto",48,"Hurricane",215,12,0,0,0,"25.00M","0.00K"
"659","Lorenzo",48,"Tornado",355,0,0,0,0,"5.00K","0.00K"
"660","Humberto",48,"Hurricane",216,0,0,1,0,"10.00M","0.00K"
"661","Noel",12,"Tropical Depression",172,0,0,0,0,"0.00K","0.00K"
"662","Humberto",1,"Drought",44,0,0,0,0,"0.00K",""
"663","Humberto",1,"Drought",33,0,0,0,0,"0.00K",""
"664","Humberto",22,"Hurricane",41,0,0,0,0,"200.00K","0.00K"
"665","Noel",12,"Tropical Depression",68,0,0,0,0,"0.00K","0.00K"
"666","Humberto",1,"Drought",29,0,0,0,0,"0.00K",""
"667","Noel",12,"Tropical Depression",168,0,0,0,0,"0.00K","0.00K"
"668","Noel",23,"High Wind",17,0,0,0,0,"",""
"669","Noel",23,"High Wind",32,0,0,0,0,"",""
"670","Humberto",22,"Hurricane",30,0,0,0,0,"200.00K","0.00K"
"671","Humberto",22,"Flash Flood",11,0,0,0,0,"50.00K","0.00K"
"672","Noel",12,"Tropical Depression",73,0,0,0,0,"0.00K","0.00K"
"673","Humberto",1,"Drought",48,0,0,0,0,"0.00K",""
"674","Erin",39,"Flood",63,0,0,0,0,"0.00K","0.00K"
"675","Humberto",48,"Flash Flood",361,0,0,0,0,"10.00K","0.00K"
"676","Humberto",48,"Flash Flood",245,0,0,0,0,"50.00K","0.00K"
"677","Erin",29,"Flash Flood",105,0,0,1,0,"5.50M","0.00K"
"678","Erin",39,"Flood",63,0,0,0,0,"0.00K","0.00K"
"679","Erin",40,"Flash Flood",31,0,0,0,0,"200.00K","0.00K"
"680","Erin",40,"Flash Flood",87,0,0,0,0,"5.00K","0.00K"
"681","Erin",40,"Flash Flood",81,0,0,0,0,"5.00K","0.00K"
"682","Erin",40,"Thunderstorm Wind",11,0,0,0,0,"0.00K","0.00K"
"683","Erin",40,"Thunderstorm Wind",15,0,0,0,0,"0.00K","0.00K"
"684","Erin",40,"Thunderstorm Wind",73,0,0,0,0,"0.00K","0.00K"
"685","Erin",39,"Flash Flood",175,0,0,0,0,"35.00K","2.00M"
"686","Dean",45,"Rip Current",34,0,0,0,0,"",""
"687","Noel",12,"Tropical Depression",71,0,0,0,0,"0.00K","0.00K"
"688","Humberto",1,"Drought",41,0,0,0,0,"0.00K",""
"689","Humberto",1,"Drought",25,0,0,0,0,"0.00K",""
"690","Humberto",1,"Drought",37,0,0,0,0,"0.00K",""
"691","Humberto",1,"Drought",23,0,0,0,0,"0.00K",""
"692","Humberto",1,"Drought",21,0,0,0,0,"0.00K",""
"693","Humberto",13,"Thunderstorm Wind",151,0,0,0,0,"2.00K","0.00K"
"694","Humberto",13,"Hail",151,0,0,0,0,"0.00K","0.00K"
"695","Humberto",37,"Tornado",85,0,0,0,0,"0.00K","0.00K"
"696","Humberto",37,"Funnel Cloud",81,0,0,0,0,"0.00K","0.00K"
"697","Humberto",37,"Funnel Cloud",101,0,0,0,0,"0.00K","0.00K"
"698","Humberto",37,"Funnel Cloud",85,0,0,0,0,"0.00K","0.00K"
"699","Erin",37,"Thunderstorm Wind",101,0,0,0,0,"0.00K","0.00K"
"700","Erin",37,"Thunderstorm Wind",195,0,0,0,0,"0.00K","0.00K"
"701","Erin",37,"Thunderstorm Wind",195,0,0,0,0,"0.00K","0.00K"
"702","Erin",37,"Thunderstorm Wind",101,0,0,0,0,"0.00K","0.00K"
"703","Erin",37,"Thunderstorm Wind",127,0,0,0,0,"0.00K","0.00K"
"704","Erin",37,"Thunderstorm Wind",191,0,0,0,0,"0.00K","0.00K"
"705","Erin",37,"Thunderstorm Wind",191,0,0,0,0,"0.00K","0.00K"
"706","Humberto",1,"Drought",12,0,0,0,0,"0.00K",""
"707","Humberto",1,"Drought",47,0,0,0,0,"0.00K",""
"708","Humberto",1,"Drought",38,0,0,0,0,"0.00K",""
"709","Humberto",1,"Drought",15,0,0,0,0,"0.00K",""
"710","Humberto",13,"Lightning",213,0,0,0,0,"5.00K","0.00K"
"711","Humberto",37,"Funnel Cloud",101,0,0,0,0,"0.00K","0.00K"
"712","Erin",37,"Thunderstorm Wind",183,8,0,0,0,"0.00K","0.00K"
"713","Erin",37,"Thunderstorm Wind",183,0,0,0,0,"0.00K","0.00K"
"714","Erin",37,"Thunderstorm Wind",125,0,0,0,0,"0.00K","0.00K"
"715","Erin",37,"Thunderstorm Wind",183,0,0,0,0,"0.00K","0.00K"
"716","Erin",37,"Thunderstorm Wind",183,0,0,0,0,"0.00K","0.00K"
"717","Erin",37,"Thunderstorm Wind",83,0,0,0,0,"0.00K","0.00K"
"718","Humberto",1,"Drought",32,0,0,0,0,"0.00K",""
"719","Humberto",1,"Drought",14,0,0,0,0,"0.00K",""
"720","Humberto",45,"Hail",89,0,0,0,0,"",""
"721","Humberto",13,"Hail",97,0,0,0,0,"0.00K","0.00K"
"722","Erin",37,"Thunderstorm Wind",101,0,0,0,0,"0.00K","0.00K"
"723","Humberto",1,"Drought",24,0,0,0,0,"0.00K",""
"724","Noel",23,"High Wind",31,0,0,0,0,"",""
"725","Noel",23,"High Wind",30,0,0,0,0,"",""
"726","Humberto",13,"Heavy Rain",213,0,0,0,0,"0.50K","0.00K"
"727","Humberto",13,"Hail",45,0,0,0,0,"0.00K","0.00K"
"728","Erin",37,"Thunderstorm Wind",135,0,0,0,0,"0.00K","0.00K"
"729","Erin",37,"Thunderstorm Wind",185,0,0,0,0,"0.00K","0.00K"
"730","Humberto",1,"Drought",13,0,0,0,0,"0.00K",""
"731","Humberto",13,"Hurricane",1,0,0,0,0,"0.00K","0.00K"
"732","Humberto",13,"Heavy Rain",313,0,0,0,0,"0.50K","0.00K"
"733","Erin",37,"Thunderstorm Wind",7,0,0,0,0,"0.00K","0.00K"
"734","Erin",37,"Thunderstorm Wind",37,0,0,0,0,"0.00K","0.00K"
"735","Erin",37,"Thunderstorm Wind",69,0,0,0,0,"0.00K","0.00K"
"736","Erin",37,"Thunderstorm Wind",123,0,0,0,0,"0.00K","0.00K"
"737","Erin",37,"Thunderstorm Wind",183,0,0,0,0,"0.00K","0.00K"
"738","Humberto",1,"Drought",31,0,0,0,0,"0.00K",""
"739","Erin",37,"Thunderstorm Wind",151,0,0,0,0,"0.00K","0.00K"
"740","Erin",37,"Thunderstorm Wind",151,0,0,0,0,"0.00K","0.00K"
"741","Erin",37,"Thunderstorm Wind",1,0,0,0,0,"0.00K","0.00K"
"742","Humberto",1,"Drought",43,0,0,0,0,"0.00K",""
"743","Humberto",1,"Drought",18,0,0,0,0,"0.00K",""
"744","Erin",37,"Thunderstorm Wind",81,0,0,0,0,"0.00K","0.00K"
"745","Erin",37,"Thunderstorm Wind",145,0,0,0,0,"0.00K","0.00K"
"746","Erin",37,"Thunderstorm Wind",167,0,0,0,0,"0.00K","0.00K"
"747","Erin",37,"Thunderstorm Wind",63,0,0,0,0,"0.00K","0.00K"
"748","Erin",37,"Thunderstorm Wind",77,0,0,0,0,"0.00K","0.00K"
"749","Erin",37,"Thunderstorm Wind",37,0,0,0,0,"0.00K","0.00K"
"750","Erin",37,"Thunderstorm Wind",67,0,0,0,0,"0.00K","0.00K"
"751","Erin",37,"Thunderstorm Wind",57,0,0,0,0,"0.00K","0.00K"
"752","Erin",37,"Thunderstorm Wind",145,0,0,0,0,"0.00K","0.00K"
"753","Erin",37,"Thunderstorm Wind",151,0,0,0,0,"0.00K","0.00K"
"754","Erin",37,"Thunderstorm Wind",81,0,0,0,0,"0.00K","0.00K"
"755","Humberto",1,"Drought",36,0,0,0,0,"0.00K",""
"756","Humberto",1,"Drought",40,0,0,0,0,"0.00K",""
"757","Erin",37,"Thunderstorm Wind",101,0,0,0,0,"0.00K","0.00K"
"758","Erin",37,"Thunderstorm Wind",101,0,0,0,0,"0.00K","0.00K"
"759","Erin",37,"Thunderstorm Wind",163,0,0,0,0,"0.00K","0.00K"
"760","Humberto",45,"Thunderstorm Wind",67,0,0,0,0,"",""
"761","Humberto",13,"Thunderstorm Wind",213,0,0,0,0,"3.00K","0.00K"
"762","Humberto",13,"Thunderstorm Wind",313,0,0,0,0,"3.00K","0.00K"
"763","Humberto",37,"Thunderstorm Wind",183,0,0,0,0,"0.00K","0.00K"
"764","Humberto",37,"Thunderstorm Wind",85,0,0,0,0,"0.00K","0.00K"
"765","Erin",37,"Thunderstorm Wind",65,0,0,0,0,"0.00K","0.00K"
"766","Erin",37,"Thunderstorm Wind",65,0,0,0,0,"0.00K","0.00K"
"767","Erin",37,"Thunderstorm Wind",163,0,0,0,0,"0.00K","0.00K"
"768","Humberto",1,"Drought",19,0,0,0,0,"0.00K",""
"769","Humberto",1,"Drought",20,0,0,0,0,"0.00K",""
"770","Humberto",1,"Drought",35,0,0,0,0,"0.00K",""
"771","Humberto",1,"Drought",28,0,0,0,0,"0.00K",""
"772","Humberto",37,"Thunderstorm Wind",101,0,0,0,0,"0.00K","0.00K"
"773","Humberto",37,"Thunderstorm Wind",183,0,0,0,0,"0.00K","0.00K"
"774","Humberto",37,"Flash Flood",101,0,0,0,0,"0.00K","0.00K"
"775","Humberto",37,"Flash Flood",101,0,0,0,0,"0.00K","0.00K"
"776","Humberto",37,"Flash Flood",85,0,0,0,0,"0.00K","0.00K"
"777","Erin",37,"Thunderstorm Wind",183,0,0,0,0,"0.00K","0.00K"
"778","Noel",12,"Tropical Depression",67,0,0,0,0,"0.00K","0.00K"
"779","Humberto",1,"Drought",26,0,0,0,0,"0.00K",""
"780","Erin",40,"Flash Flood",17,0,0,0,0,"100.00K","0.00K"
"781","Humberto",1,"Drought",50,0,0,0,0,"0.00K",""
"782","Humberto",1,"Drought",34,0,0,0,0,"0.00K",""
"783","Noel",12,"Storm Surge/Tide",172,0,0,0,0,"0.00K","0.00K"
"784","Humberto",1,"Drought",30,0,0,0,0,"0.00K",""
"785","Humberto",1,"Drought",27,0,0,0,0,"0.00K",""
"786","Noel",12,"Tropical Storm",173,0,0,0,0,"0.00K","0.00K"
"787","Humberto",1,"Drought",17,0,0,0,0,"0.00K",""
"788","Humberto",1,"Drought",46,0,0,0,0,"0.00K",""
"789","Noel",99,"Landslide",4,0,0,0,0,"0.00K","0.00K"
"790","Noel",99,"Landslide",4,0,0,0,0,"0.00K","0.00K"
"791","Noel",99,"Flood",4,0,0,0,0,"0.00K","0.00K"
"792","Noel",99,"Landslide",4,0,0,0,0,"0.00K","0.00K"
"793","Erin",48,"Flash Flood",31,0,0,0,0,"0.00K","0.00K"
"794","Humberto",1,"Heavy Rain",49,0,0,0,0,"0.00K","0.00K"
"795","Barry",36,"Flash Flood",5,0,0,0,0,"0.00K","0.00K"
"796","Erin",40,"Flash Flood",75,1,0,0,0,"0.00K","0.00K"
"797","Erin",37,"Thunderstorm Wind",125,0,0,0,0,"0.00K","0.00K"
"798","Humberto",22,"Tornado",113,0,0,0,0,"25.00K","0.00K"
"799","Humberto",37,"Lightning",101,0,0,0,0,"5.00K","0.00K"
"800","Erin",37,"Thunderstorm Wind",85,0,0,0,0,"0.00K","0.00K"
"801","Erin",29,"Flash Flood",77,0,0,0,0,"2.00M","0.00K"
